Date,Basal energy burned(Cal),Active energy burned(Cal),Distance walking / running(mi),Exercise time(min),Flights climbed(count),Heart rate(count/min),Resting heart rate(count/min),Stand time(min),Step count(count),Walking heart rate average(count/min)
5/17/2021,443.849,150.054,1.42,2,8,76.67,65,46,3327.492,105
5/18/2021,1806.151,403.739,2.665,14,10,80.632,67,95,5902.811,93
5/19/2021,1827.665,381.14,1.442,12,8.72,73.736,56,57,3153.29,92
5/20/2021,1809.179,333.287,1.762,13.176,12.089,70.015,63,65,3937.001,100
5/21/2021,1769.587,262.946,1.381,9.824,12.911,68.498,58,45,3036.8,102.5
5/22/2021,1831.626,462.794,2.892,30,32.907,75.083,63,90,6413.303,106
5/23/2021,1808.886,449.274,2.374,28,21.857,71.248,64,77,5060.619,107.5
5/24/2021,1779.389,291.181,1.401,15,16.955,67.565,60,42,3056.676,97
5/25/2021,1787.122,244.135,1.373,10,7,71.805,55,56,3095.268,104
5/26/2021,1771.999,202.283,1.592,7,6,71.266,63,31,3882.662,102
5/27/2021,1781.744,227.832,0.862,7,12,68.997,65,24,1892,106
5/28/2021,1793.153,329.917,1.863,14,10.075,68.64,52,56,4128.429,97
5/29/2021,1817.811,479.636,3.35,34,32.068,68.534,53,139,7334.55,93
5/30/2021,1805.345,376.902,2.033,13,12,68.27,62,89,4476.691,96
5/31/2021,1824.34,415.471,2.143,21,23,70.186,62,78,4529.309,97
6/1/2021,1813.804,354.152,1.697,16,12,73.74,61,52,3833,111
6/2/2021,1749.751,235.38,0.816,5,10,63.654,56,27,1921,98
6/3/2021,1729.853,139.194,1.338,8,12,84.232,72,26,3283.243,86
6/4/2021,1720.383,66.517,0.783,8,7,81.081,73,14,2000,99.5
6/5/2021,1717.377,171.757,1.748,24,21.796,64.635,55,24,4181,115
6/6/2021,1732.806,185.625,0.707,9,10,62.049,52,11,1632,130
6/7/2021,1762.947,175.268,0.582,6,7.677,68.855,60,12,1328.179,105
6/8/2021,1748.803,207.952,2.423,14,15,92.666,67,72,5784.648,102
6/9/2021,1739.798,113.914,1.281,14,11.808,80.577,69,17,3039.986,113
6/10/2021,1834.514,393.52,2.103,11,10.89,68.736,59,65,4710.223,115.5
6/11/2021,1819.76,301.69,1.512,6,8,67.399,59,62,3443,101
6/12/2021,1813.603,318.854,1.844,14,11,67.919,58,57,4178.427,107
6/13/2021,1759.763,223.233,2.569,9,17,66.825,61,89,6055.921,105.5
6/14/2021,1704.439,15.191,0.692,7,9,83,61,89,1884,105.5
6/15/2021,1914.619,767.49,5.352,77,36.463,100.69,76,204,11776,123
6/16/2021,1745.704,147.137,0.851,9,13,79.312,60,17,1967.611,112
6/17/2021,1824.652,452.898,2.755,28,16,88.007,68,102,6100.981,115
6/18/2021,1805.132,281.228,1.92,12,10,87.681,65,59,4378.236,118.5
6/19/2021,1832.623,378.685,3.071,19,15,86.931,58.5,111,6989,109
6/20/2021,1753.821,130.619,2.339,2,4,62.683,51,20,6097,114
6/21/2021,1836.325,632.162,6.313,17,3,77.065,55,164,13974.405,94
6/22/2021,1789.168,233.162,0.886,5,3,72.947,51,21,2015.673,112
6/23/2021,1790.55,440.378,3.577,28,18,81.019,53,114,8309.422,109
6/24/2021,1798.441,422.136,3.698,33,4,77.081,53,154,8353.946,109
6/25/2021,1813.077,328.024,2.816,9,7,88.125,62.5,121,6799.144,98
6/26/2021,1905.228,671.345,5.129,12,8,75.219,62.5,220,11932.959,98
6/27/2021,1658.312,49.006,0.847,12,6,58.89,51,9,2119.436,98
6/28/2021,1803.398,252.038,1.794,8,12,90.357,77,59,4070.487,109
6/29/2021,1861.352,508.908,3.603,14,13,74.886,54,140,8143,99
6/30/2021,1821.273,331.884,1.72,6,5,67.854,53,67,3909,98.5
7/1/2021,1913.28,536.821,3.966,19,14,81.228,54,154,9006,111
7/2/2021,1778.113,177.6,0.961,8,9,78.524,60,28,2214.34,115
7/3/2021,1904.572,690.274,3.891,55,22.522,86.948,56,181,8512,93
7/4/2021,1884.892,687.069,4.178,70,32,90.049,59,156,8929.111,109
7/5/2021,1843.15,551.093,4.162,44,15.678,80.601,55,80,7917.774,109
7/6/2021,1903.053,735.107,5.055,51,16.721,87.203,56,134,9871,114.5
7/7/2021,1821.046,513.423,3.665,40,8,84.994,52,97,6664.601,101
7/8/2021,1923.154,760.62,5.509,49,11,87.015,62,158,11177.674,105.5
7/9/2021,1791.03,353.281,2.379,25,10,67.919,49,84,5110,115.5
7/10/2021,1809.698,715.508,5.328,75.943,22,85.881,53,127,10690,119
7/11/2021,1816.832,665.485,5.749,69.057,36.024,87.978,56,177,11210,114
7/12/2021,1794.146,422.557,2.953,51,23.245,73.79,57,110,6604.294,98
7/13/2021,1814.663,439.064,2.795,28,11,78.383,68,90,5581,100
7/14/2021,1836.697,525.911,3.407,42,8,78.192,55,103,6932.198,108
7/15/2021,1887.781,460.911,2.578,14.86,8,68.19,51,103,5600.198,95
7/16/2021,1848.826,468.922,3.284,32.14,26,60.918,46,117,7124.802,90.5
7/17/2021,1889.38,619.927,5.388,32,15.194,75.277,56,200,11889.492,90
7/18/2021,1845.446,466.336,3.914,14,16.515,62.938,45,156,8700.259,94
7/19/2021,1902.426,781.707,6.711,67,31.288,72.933,58,217,14183.283,104
7/20/2021,1927.041,642.077,5.153,20,13,67.838,53,231,12074.803,91
7/21/2021,1838.03,417.555,3.488,7,4,78.268,59,155,8165,98.5
7/22/2021,1873.747,520.733,3.777,4,4,66.906,60,175,8574.027,94
7/23/2021,1870.854,395.552,1.587,5,2,62.619,48,111,3650.662,88.5
7/24/2021,1869.549,550.054,4.72,21,11.524,72.492,48,225,11000.103,110
7/25/2021,1882.468,671.111,6.224,41,14,96.987,71,222,14206.495,110
7/26/2021,1813.443,306.459,1.976,8,6.848,67.049,48,71,4315.712,101
7/27/2021,1878.062,494.5,3.137,16,20,68.279,50,137,6854,89
7/28/2021,1855.496,449.548,3.866,23,19,81.729,60,151,8698,99
7/29/2021,1884.519,451.369,2.618,20,19,65.65,46,89,5803.097,113
7/30/2021,1828.55,290.231,1.552,9,12.404,65.374,55,44,3437.952,88
7/31/2021,1840.682,334.627,1.389,10,7,58.691,44,44,3101.489,93
8/1/2021,1831.781,385.037,2.83,19,17,63.098,47,89,6439.717,94
8/2/2021,1854.697,447.354,2.991,22,20,64.543,49,116,6739.855,90.5
8/3/2021,1822.734,348.219,2.123,17,13.537,65.076,47,78,4734,97
8/4/2021,1848.565,364.733,1.858,16,8.946,62.541,49,39,3863,104
8/5/2021,1882.608,424.993,2.384,10,9,65.704,46,83,5295.238,102
8/6/2021,1745.292,130.603,1.331,5,9,53.863,44,11,3132.508,102
8/7/2021,1767.794,191.582,1.497,11,12.545,95.667,76,46,3328,125
8/8/2021,1878.883,437.948,2.716,15,13,64.064,47,94,6139.415,93
8/9/2021,1802.12,261.914,1.589,13,11.693,63.863,47,53,3482.611,111
8/10/2021,1864.25,442.268,2.583,13,13,65.696,48,75,5855.532,99.5
8/11/2021,1818.217,346.556,2.308,16,11,62.103,46,65,5223.738,89.5
8/12/2021,1725.18,124.069,1.222,11,11,56.803,47,12,2886,80
8/13/2021,1772.341,396.045,2.77,26,21,64.206,48,82,6222.011,103
8/14/2021,1801.039,463.928,3.582,27,15,67.344,47,100,7907.967,100
8/15/2021,1826.759,763.553,7.177,94,20.201,83.274,50,201,15484.361,111
8/16/2021,1874.997,644.488,4.16,34,40,67.306,50,168,9084.333,81
8/17/2021,1825.302,465.557,2.835,28,18.818,65.444,47,68,6429.554,99.5
8/18/2021,1799.642,573.978,5.71,43,19,65.524,46,185,13367.624,105
8/19/2021,1729.488,278.041,2.638,20,11.99,64.451,47,57,5801.228,105
8/20/2021,1899.936,860.059,7.624,45,37,76.501,49,338,17322.012,99
8/21/2021,1812.775,499.835,4.89,14,8,70.448,52,171,11301,99
8/22/2021,1826.632,391.591,2.849,11,7,71.326,49,95,6534,106
8/23/2021,1792.472,563.357,5.166,40,14,84.091,49,120,11294.759,116
8/24/2021,1849.794,731.897,6.461,54,22.091,81.532,50,187,14446.18,121.5
8/25/2021,1783.373,433.329,2.745,17,7,73.664,51,88,6242,113.5
8/26/2021,1799.103,498.157,5.482,32,25,78.923,50,117,12354.736,110
8/27/2021,1838.714,692.53,6.132,50,23,76.508,49,167,13920.919,115.5
8/28/2021,1804.314,408.681,2.455,9,8,68.019,49,96,5423,103
8/29/2021,1801.504,380.022,2.131,15,16,66.415,46,59,4838,133
8/30/2021,1822.905,783.185,7.428,63,37,79.349,47,179,16573.281,119
8/31/2021,1811.51,650.865,5.768,37,21,75.292,47,172,13108.847,105
9/1/2021,1762.79,487.528,4.52,34,26,79.679,49,99,10169.972,132
9/2/2021,1824.756,625.178,5.622,41,17,81.269,54,154,12610.076,112
9/3/2021,1787.676,430.228,2.857,18,11,72.028,51,69,6361,112
9/4/2021,1819.93,750.793,7.449,53,24,71.941,51,197,17076,97
9/5/2021,1843.283,567.672,5.167,19,5,70.106,50,180,11773.788,95
9/6/2021,1781.753,480.045,4.094,27,12,69.22,48,117,9338.615,129
9/7/2021,1830.04,558.261,5.01,30,16,78.046,48,110,11059.348,111.5
9/8/2021,1800.151,536.01,4.006,42,16,70.673,48,100,8847.635,106
9/9/2021,1823.275,672.467,6.039,46,21,74.253,50,159,13810.247,107.5
9/10/2021,1845.771,540.897,4.178,25,9,72.145,48,128,9528,109.5
9/11/2021,1834.202,512.433,4.144,13,7,74.724,55,154,9480.164,107
9/12/2021,1754.045,211.711,1.028,13,7,63.751,50,38,2290,103
9/13/2021,1841.829,667.876,5.064,54,29,78.3,48,109,11029,123
9/14/2021,1842.913,736.165,6.357,53,21,71.14,47,177,14047,106.5
9/15/2021,1849.733,857.299,8.263,73,19,81.991,47,234,18345,116
9/16/2021,1826.086,551.059,4.377,30,14,84.382,65,120,9943.178,112
9/17/2021,1816.838,593.588,5.357,38,10,74.698,49,173,12027,126.5
9/18/2021,1864.768,736.794,6.228,33,9,71.652,52,228,13449.202,98
9/19/2021,1845.986,743.595,8.012,31,6,96.085,68,307,18615,114
9/20/2021,1812.192,704.736,6.361,66,22,80.276,51,166,14235.473,106
9/21/2021,1762.351,648.417,5.903,61,21,84.007,59,131,12880.527,104
9/22/2021,1772.295,401.325,5.47,29,17,69.051,51,70,12105.161,104
9/23/2021,1817.643,688.537,6.836,49,24,85.07,63,172,15194.736,106
9/24/2021,1811.406,470.493,4.086,23,12,70.791,59,105,8975.439,103
9/25/2021,1815.533,402.803,2.33,13,7,65.272,58,67,5167.179,88
9/26/2021,1859.185,561.137,4.506,25,11,72.22,63,131,10360.396,104
9/27/2021,1825.905,756.819,7.476,59,17,78.261,60,224,16890.604,102
9/28/2021,1828.225,581.296,4.715,38,10,77.441,64,110,10316,105.5
9/29/2021,1786.615,547.715,4.54,54,16,77.251,62,107,10130,105
9/30/2021,1822.384,748.623,6.326,78,21,84.76,67,167,14502,109.5
10/1/2021,1838.834,570.669,4.945,29,11,79.132,58,128,11219,107.5
10/2/2021,1839.073,388.29,2.051,7,1,67.429,59,71,4543.665,95
10/3/2021,1809.191,605.154,5.517,35,6,76.824,55,167,12634.426,110
10/4/2021,1842.435,798.056,7.554,68,16,75.113,55,204,17059,102
10/5/2021,1809.544,599.1,5.163,50,15,75.503,61,119,11344.679,112
10/6/2021,1826.955,736.524,6.279,66,19,78.774,62,178,14122,105
10/7/2021,1803.855,625.905,5.07,36,17,70.31,59,147,11479.465,96
10/8/2021,1799.982,527.597,4.176,31,10,72.806,59,120,9589.907,108
10/9/2021,1841.393,455.543,3.331,12,8,67.561,61,118,7513.412,97
10/10/2021,1833.638,384.01,2.193,9,8,67.161,57,59,4937.648,98.5
10/11/2021,1818.828,422.985,2.9,15,9,72.972,58,107,6468.694,86.5
10/12/2021,1863.488,562.268,3.429,16,8,66.687,60,142,7679.978,90
10/13/2021,1834.941,871.344,8.302,74,37,82.251,69,217,18463,102
10/14/2021,1798.918,771.412,7.003,71,20,76.634,64,194,16136,95
10/15/2021,1835.714,562.138,4.617,42,3,72.906,60,127,10423,109
10/16/2021,1803.596,464.832,3.688,21,6,68.429,61,99,8385.659,95.5
10/17/2021,1774.911,321.755,2.412,19,15,66.943,60,70,5356.212,113
10/18/2021,1798.237,586.262,4.588,49,12,71.18,51,100,10162,105
10/19/2021,1815.284,620.671,5.379,48,15,72.973,65,132,11722,103.5
10/20/2021,1731.877,321.664,3.52,27,9,67.751,53,56,7891.257,107
10/21/2021,1805.536,637.926,5.775,62,11,75.9,58,143,12740,107.5
10/22/2021,1800.964,457.941,3.053,35,9,71.356,55,75,6824,105
10/23/2021,1841.237,595.758,4.263,38,9,71.923,53,139,9339.149,103
10/24/2021,1794.996,356.837,2.316,11,5,64.802,59,66,5128.508,98
10/25/2021,1806.267,610.018,4.458,55,15,79.514,56,96,9829,109.5
10/26/2021,1792.952,444.094,3.136,33,11,72.483,61,79,7012.663,106
10/27/2021,1826.193,556.407,4.128,40,9,72.468,58,100,9174.165,108
10/28/2021,1812.306,596.078,4.461,57,24.192,74.163,66,108,9779,108.5
10/29/2021,1792.612,450.447,2.703,33,17,67.822,61,62,5884.189,99
10/30/2021,1855.452,498.85,4.167,17,3,86.456,68,130,9171.884,109
10/31/2021,1802.249,573.069,5.145,48,17,74.83,65,125,11169.924,99.5
11/1/2021,1805.532,584.89,4.303,56,16,73.656,53,97,9411.943,110
11/2/2021,1813.092,701.567,7.107,82,14,79.563,62,166,15569,120
11/3/2021,1797.207,465.026,3.094,35,13,66.984,57,87,6893.21,102
11/4/2021,1812.244,504.639,3.32,39,13,71.304,64,76,7359,110
11/5/2021,1821.042,545.583,3.836,40,10,73.796,62,93,8429,97.5
11/6/2021,1825.772,482.128,3.445,14,3,67.403,59,130,7654.795,97
11/7/2021,1745.052,138.852,2.447,2,6,90.143,66,41,5552.994,97
11/8/2021,1812.39,453.66,3.87,32,8,71.123,61,76,8571,98
11/9/2021,1807.739,710.705,6.427,81,13,81.082,65,153,13924,109
11/10/2021,1781.197,408.381,2.997,30,17,69.637,52,78,6595,101
11/11/2021,1820.85,610.347,4.854,63,17,72.219,59,125,10623,110
11/12/2021,1784.558,403.822,2.626,31,18,66.328,55,52,5822.252,105
11/13/2021,1822.178,658.108,5.371,67,21.925,80.931,57,152,11912.43,106
11/14/2021,1835.875,526.158,3.534,23,16,64.841,55,145,7608.428,93
11/15/2021,1835.59,623.058,4.549,45,10,75.499,60,113,10018.661,113
11/16/2021,1820.592,749.293,6.871,66,18,83.828,56,200,15059.408,110
11/17/2021,1769.322,435.379,3.559,42,10,74.414,49,90,7793.93,115
11/18/2021,1830.533,681.657,5.357,74,28,75.839,64,169,11891,113
11/19/2021,1788.564,452.01,2.679,34,14,71.882,58,63,5963.781,104.5
11/20/2021,1806.558,442.198,3.143,19,8,67.782,59,97,6956.784,85
11/21/2021,1815.196,560.751,5.12,38,13,67.926,59,161,11459.304,101.5
11/22/2021,1787.493,560.21,3.833,57,15,67.242,56,85,8400.5,103
11/23/2021,1819.821,633.678,5.209,36,21,69.024,61,171,11412.859,110
11/24/2021,1775.396,337.679,2.343,14,21,73.633,58,79,5013.293,93.5
11/25/2021,1806.123,412.622,2.357,12,8,63.537,51,110,5126.379,94
11/26/2021,1821.422,454.88,3.272,10,9.173,61.881,51,140,7281.369,96
11/27/2021,1816.167,416.276,2.556,14,14,67.109,58,82,5694.497,94
11/28/2021,1822.46,444.344,3.311,31,3,64.921,56,90,7056,90.5
11/29/2021,1805.561,595.051,4.709,50,13,67.294,57,107,10430,102
11/30/2021,1828.606,783.359,7.766,73,15.027,73.068,60,194,16794.958,107.5
12/1/2021,1813.447,505.066,3.356,40,9,68.185,65,95,7159,109
12/2/2021,1808.331,515.577,4.041,38,13,69.969,58,83,8803.36,110
12/3/2021,1797.173,464.035,3.636,37,8,67.001,61,83,7947.318,100
12/4/2021,1871.513,562.711,3.984,17,9,66.994,60,141,8984.147,90
12/5/2021,1762.398,468.387,4.808,36,5.829,81.473,59,114,10113.026,101
12/6/2021,1799.371,646.67,5.56,62,17,70.145,62,133,12092.275,112
12/7/2021,1815.488,714.238,6.796,76,14,73.563,61,154,14821.421,103
12/8/2021,1797.226,454.109,3.126,36,10,65.405,55,86,6858.347,107
12/9/2021,1786.523,431.116,3.213,33,8,67.819,59,73,7088.459,110
12/10/2021,1808.757,478.09,3.036,38,6,66.724,57,76,6669.129,96
12/11/2021,1833.874,561.335,4.565,31,14,68.493,67,182,10323.649,113
12/12/2021,1767.005,373.647,2.603,25,7,73.62,59,55,5701.721,94
12/13/2021,1773.445,378.66,2.736,30,7,68.049,54,67,6027.485,105
12/14/2021,1775.535,351.784,2.255,19,9,65.891,51,68,4961.866,100
12/15/2021,1789.863,344.027,1.818,8,6,68.109,55,65,4071,99
12/16/2021,1839.603,555,4.075,20,9,68.789,59,141,8822,98
12/17/2021,1808.057,502.759,3.671,29,15,69.134,53,121,8064.381,104
12/18/2021,1746.925,223.952,1.704,14,13,71.337,60,41,3723,98
12/19/2021,1756.831,306.019,2.574,18,19.051,60.514,49,90,5674.139,103
12/20/2021,1813.071,502.391,4.589,22,9,62.504,49,157,10427,93
12/21/2021,1796.72,363.62,2.021,18,16,63.91,56,60,4445.401,95
12/22/2021,1785.39,343.29,1.736,12,8.549,62.936,51,69,3737.963,99
12/23/2021,1849.573,637.539,5.014,32,21.22,68.104,55,181,10970.012,99
12/24/2021,1749.605,404.131,2.348,12,11,64.631,60,107,5245.186,98
12/25/2021,1720.197,328.701,2.123,15,15,59.451,51,72,4720,90
12/26/2021,1708.189,354.63,2.983,38,12,73.106,49,68,6424,117
12/27/2021,1717.092,326.015,1.92,9,11,65.502,59,53,4366.459,93.5
12/28/2021,1722.506,377.953,2.799,12,12,62.422,52,110,6434,91
12/29/2021,1693.676,267.338,1.272,14,14,63.306,56,38,2817,110
12/30/2021,1734.203,451.598,3.332,28,26,66.062,57,144,7519.595,92
12/31/2021,1712.066,355.823,2.242,10,17,66.998,49,94,4894,117
1/1/2022,1685.78,183.695,0.709,7,9.564,65.793,50,18,1560.853,117
1/2/2022,1726.664,379.298,2.144,20,17,63.811,48,83,4844.516,100.5
1/3/2022,1697.945,317.276,1.675,11,11,64.864,48,90,3808,101
1/4/2022,1703.06,304.867,2.348,11,8,66.788,51,79,5354,95
1/5/2022,1719.282,286.405,1.833,15,11,72.034,53,72,4053,98
1/6/2022,1707.253,312.51,1.506,13,8,60.203,54,48,3269.558,97
1/7/2022,1707.054,311.689,1.592,14,17,63.645,47,70,3581,104
1/8/2022,1759.084,574.35,4.848,33,22,70.278,51,205,10904,109.5
1/9/2022,1082.927,118.979,1.175,33,4,71.094,59,37,2573,90
1/10/2022,568.609,209.481,1.846,5,9.522,72.47,62,57,4105,93
1/11/2022,1700.971,284.334,1.293,15,12,60.739,54,35,2797,89.5
1/12/2022,1753.531,458.519,3.008,20,16.756,63.024,55,111,6679.231,95
1/13/2022,1694.847,272.492,1.307,10,12,60.103,45,43,2898.769,83
1/14/2022,1751.041,414.01,2.771,16,10,65.884,52,119,6444,107
1/15/2022,867.472,59.465,0.31,2,2,55.023,57,6,660.767,107
1/16/2022,867.472,59.465,1.521,2,15,55.023,57,6,3263.233,107
1/17/2022,623.599,327.416,3.496,16,16,82.496,60,127,7829,104
1/18/2022,1705.603,490.376,3.834,41,13,70.329,55,118,8845.072,79
1/19/2022,1685.441,563.099,4.649,56,22,62.125,50,134,10284,98
1/20/2022,1691.434,453.653,3.924,43,21,63.241,50,101,8575.165,134
1/21/2022,1713.778,490.862,4.774,44,13,67.313,52,130,10407.708,102.5
1/22/2022,1680.814,285.265,3.544,14,6,86.431,55,134,8084.311,91
1/23/2022,1740.272,524.789,4.312,43,4,71.517,45,116,9107,110
1/24/2022,1741.529,522.665,3.733,45,16,72.009,61,114,8374.751,123.5
1/25/2022,1725.677,516.607,4.266,40,13,69.911,63,140,9696,113
1/26/2022,1736.432,638.804,6.434,69,20,75.318,74,168,13785.161,113
1/27/2022,1730.448,538.264,3.946,45,16,73.052,62,107,8852,105
1/28/2022,1507.624,432.195,3.199,33,11,79.49,67,108,7203,116
2/6/2022,1704.421,398.264,2.691,19,4,72.695,56,87,5766.564,97
2/7/2022,1722.375,423.653,3.474,31,20,76.024,63,82,7724.684,104.5
2/8/2022,1770.668,631.925,5.196,49,13,72.775,60,153,11415,118
2/9/2022,1747.477,684.324,6.064,71,28.056,83.625,59,149,13191.478,126
2/10/2022,1746.213,513.936,3.814,36,21,70.941,57,107,8439.522,106
2/11/2022,1730.103,494.765,3.148,26,15,70.062,57,95,6977.656,115
2/12/2022,1774.481,552.301,4.036,20,13.864,69.562,62,156,9025.016,93
2/13/2022,1774.658,509.302,4,29,12,80.919,65,153,9028,105.5
2/14/2022,1740.675,619.899,5.595,65,13,74.466,57,152,12170,121
2/15/2022,1762.46,598.711,5.134,42,24.103,72.181,67,167,11564.776,116
2/16/2022,1768.791,634.876,5.343,49,24.227,75.004,61,143,11775.555,113
2/17/2022,1700.861,258.241,2.141,8,5,66.59,62,52,4921,93
2/18/2022,1738.61,375.17,2.775,12,5,72.372,64,83,6118.101,98.5
2/19/2022,1735.361,303.859,1.826,17,6,76.579,56,60,4059,107
2/20/2022,1752.872,424.023,3.411,14,6,74.695,61,128,7788.555,89
2/21/2022,1752.747,678.802,6.204,51,23.375,77.886,62,161,13784.445,113.5
2/22/2022,1729.142,557.016,4.137,38,27,70.093,59,133,9198,113
2/23/2022,1757.178,640.795,5.785,56,24,77.367,75,138,12384.512,123.5
2/24/2022,1724.008,472.732,3.629,37,14,81.757,60,100,7883.422,96
2/25/2022,1755.121,501.207,3.948,21,9,72.202,57,123,8768.479,104.5
2/26/2022,1717.949,285.979,2.417,10,2,64.452,48,61,5353.002,92
2/27/2022,1771.487,554.258,4.557,32,13,68.397,55,157,10388,98
2/28/2022,1740.461,437.532,3.162,31,7,71.219,55,92,6991.585,106.5
3/1/2022,1726.733,567.902,5.856,48,17.193,73.256,58,156,12771.973,112
3/2/2022,1738.145,582.602,5.28,48,13,79.841,67,122,11403,118
3/3/2022,1736.659,579.629,4.673,50,23,71.728,62,146,10566.989,98
3/4/2022,1718.044,343.709,3.767,17,19,66.746,54,52,8359.011,100
3/5/2022,1760.131,457.815,2.773,21,11,68.674,48,105,6221,108
3/6/2022,1732.593,348.525,2.24,15,4.428,65.416,48,65,4961,100
3/7/2022,1742.953,687.696,6.319,72,21,73.153,62,147,13725,116
3/8/2022,1707.253,341.276,2.139,20,12,74.448,61,46,4775.026,92.5
3/9/2022,1770.023,682.325,5.576,63,15,77.619,68,142,11806.127,108
3/10/2022,1752.671,337.411,1.641,7,7,65.257,54,65,3657.849,84
3/11/2022,1785.078,607.746,4.96,33,10,68.991,56,177,10897,108.5
3/12/2022,1725.958,331.658,2.493,13,12,74.153,57,87,5426,98
3/13/2022,1636.994,300.185,2.222,13,14.714,64.59,58,100,5039.66,91.5
3/14/2022,1679.458,235.545,0.59,7,7.895,60.538,48,20,1311,91.5
3/15/2022,1707.207,301.982,1.584,7,7,75.972,60,58,3621,104
3/16/2022,1685.721,211.824,0.803,9,9,69.323,55,27,1762,98.5
3/17/2022,1714.791,222.621,1.032,9,12,71.523,58,25,2296,90
3/18/2022,1707.378,359.817,3.697,17,5,76,58,109,8042,88
3/19/2022,1724.855,282.615,2.389,9,15,73.998,57,94,5418,93
3/20/2022,1739.108,286.005,2.033,10,4,85.669,69,66,4515,118
3/21/2022,1728.209,446.498,3.657,31,12,72.157,60,92,8095,123
3/22/2022,1748.276,444.805,2.65,26,15,70.078,59,72,5935.344,108
3/23/2022,1765.444,640.397,5.539,53,15,76.402,72,137,11699.217,117
3/24/2022,1718.073,467.172,3.374,31,21,72.601,59,82,7513.691,112.5
3/25/2022,1715.108,445.492,4.107,41,14,69.874,57,103,9070.704,115
3/26/2022,1744.742,370.768,2.702,18,9,71.483,50,93,6071,102
3/27/2022,1756.334,359.214,1.755,16,6,66.462,54,50,3900,101.5
3/28/2022,1740.373,448.016,3.189,27,14,75.792,64,79,7232,120.5
3/29/2022,1750.102,654.201,5.954,72,21,79.289,57,129,12599,114
3/30/2022,1737.577,532.02,4.54,50,19,80.161,70,101,9878.132,102
3/31/2022,1751.195,608.002,5.159,41,16,80.209,73,144,11458.71,99.5
4/1/2022,1723.595,433.714,3.063,30,10,73.663,65,68,6791.29,113.5
4/2/2022,1727.716,477.7,4.922,27,9,81.356,62,149,10763.81,98.5
4/3/2022,1770.394,416.1,2.247,11,6,68.25,60,79,5094.78,98.5
4/4/2022,1725.45,395.741,2.729,23,8,71.262,63,67,6085.22,114
4/5/2022,1727.248,436.584,3.877,29,20,70.736,58,102,8530,111
4/6/2022,1751.158,559.241,4.796,61,25,83.942,69,109,10293,122
4/7/2022,1741.209,597.065,4.599,64,24,79.024,60,113,10208,125
4/8/2022,1709.672,390.853,2.935,43,10,72.505,53,74,6553,109
4/9/2022,1706.213,512.278,5.081,49,8,75.962,50,130,10847.564,109.5
4/10/2022,1728.815,322.724,1.831,11,8,65.089,51,48,4117,88
4/11/2022,1765.806,569.936,4.712,56,22,74.533,67,127,10575,111.5
4/12/2022,1726.819,535.967,4.614,57,27,77.92,66,102,10400.878,113.5
4/13/2022,1754.237,692.756,6.582,71,19,78.542,59,151,14388.007,107
4/14/2022,1734.763,502.157,3.776,42,12,71.94,52,88,8409,104.5
4/15/2022,1772.055,771.457,7.111,80,16,78.103,67,182,15306.129,109
4/16/2022,1737.859,346.982,3.107,13,7,71.374,67,118,7170,96
4/17/2022,1744.1,333.736,2.073,14,11,77.988,62,85,4679,95
4/18/2022,1749.918,606.114,4.998,61,20,78.058,65,118,11018.95,113
4/19/2022,1736.861,505.097,3.749,38,19,75.478,55,120,8447.227,118.5
4/20/2022,1754.986,530.058,4.182,40,17,72.488,62,104,9196.824,106.5
4/21/2022,1731.348,509.363,3.877,39,18,72.768,55,94,8582,99
4/22/2022,1715.812,391.992,2.12,28,14,69.841,58,43,4768.323,113
4/23/2022,1734.798,508.294,4.763,28,8,70.672,52,158,10601,99
4/24/2022,1728.179,290.16,1.29,11,8,66.267,64,43,2906,100
4/25/2022,1742.051,572.553,4.351,50,16,73.467,63,122,9747.921,111
4/26/2022,1747.231,573.622,4.709,37,16,74.102,59,129,10525.266,115.5
4/27/2022,1721.145,373.41,3.208,22,15,66.313,51,76,7235,115.5
4/28/2022,1770.23,581.155,4.475,36,24,75.44,56,116,10080,111.5
4/29/2022,1733.251,410.631,2.612,29,9,69.128,53,71,5789,101
4/30/2022,1770.583,476.381,3.847,16,6,81.57,55,175,8860.656,101
5/1/2022,1735.681,377.698,2.785,14,13,69.474,52,89,6347.468,93
5/2/2022,1781.478,490.009,3.322,24,9,71.35,58,86,7399.289,104
5/3/2022,1744.65,653.919,6.431,65,23,76.685,67,189,14059.315,116
5/4/2022,1750.804,604.655,4.889,46,19,74.492,59,158,10825.193,107
5/5/2022,1745.982,704.083,6.661,57,31,79.81,68,216,14867.547,121.5
5/6/2022,1713.028,232.737,2.094,12,17,78.075,70,76,4604,102
5/7/2022,1736.068,386.819,2.89,19,21.684,67.116,55,102,6436.923,100
5/8/2022,1735.892,316.222,1.845,14,17.455,63.126,58,55,4077.062,93
5/9/2022,1751.487,394.969,2.285,20,16,70.796,62,61,5077.931,101.5
5/10/2022,1759.468,604.994,5.511,45,17.282,81.431,60,195,12564.011,126
5/11/2022,1556.066,0.066,0.482,45,3.718,94.5,60,195,989,126
5/12/2022,1695.885,275.398,1.339,8,13,69.844,60,40,2926,108.5
5/13/2022,1713.019,284.577,1.305,12,12,62.641,58,35,2818.188,89.5
5/14/2022,1754.452,550.327,4.949,38,47.879,90.629,70,185,10991.486,115
5/15/2022,1703.857,339.216,1.95,9,11,66.857,54,64,4484.848,115
5/16/2022,1735.507,424.934,3.872,15,9.8,67.749,51,171,8902,100.5
5/17/2022,1702.806,298.143,1.871,13,12.757,61.231,52,47,4102,115
5/18/2022,1716.947,373.106,3.055,20,25.385,65.359,52,111,6878.338,97
5/19/2022,1693.909,272.007,1.817,13,17.85,60.402,50,49,3949.658,84
5/20/2022,1756.377,560.902,5.917,18,17,77.274,66,244,13404,107
5/21/2022,1744.457,375.027,2.733,11,7,64.437,49,89,6179,102.5
5/22/2022,1703.822,263.591,1.662,10,7,65.431,49,41,3544.857,112
5/23/2022,1745.348,530.873,4.246,36,14,64.444,56,154,9689,93.5
5/24/2022,1704.769,353.197,3.176,11,14,64.967,54,99,7232.874,98.5
5/25/2022,1698.647,272.119,1.448,14,13.654,76.209,60,56,3240.126,122
5/26/2022,1722.089,305.111,1.934,6,8.724,70.76,57,56,4278.574,97
5/27/2022,1746.587,558.137,5.21,42,12,74.593,55,178,12039.016,99
5/28/2022,1713.214,426.249,2.744,33,20.023,70.89,57,112,6120.788,92
5/29/2022,1718.03,442.864,3.995,42,18.681,68.682,60,112,8986.381,101
5/30/2022,1726.469,383.261,2.719,16,17.187,62.98,53,158,6080.54,101
5/31/2022,1752.828,464.137,3.976,22,26,72.068,64,163,9082.079,95.5
6/1/2022,1716.903,288.343,1.851,11,19,65.265,61,76,4167,94
6/2/2022,1738.12,502.105,4.571,56,18.518,83.796,62,147,10488.977,99
6/3/2022,1729.426,379.132,2.888,14,20,66.911,52,108,6481.272,99
6/4/2022,1701.839,377.826,2.539,20,20.478,69.803,63,101,5650.378,104.5
6/5/2022,1681.181,453.704,4.723,23,24,65.201,50,189,10661.895,101
6/6/2022,1703.599,686.093,6.652,78,16,82.819,68,169,15112.367,114
6/7/2022,1667.239,566.029,5.322,75,17,74.248,60,131,12021,96
6/8/2022,1684.647,631.29,6.17,69,15,77.007,56,156,14051,100
6/9/2022,1671.01,592.551,6.77,72,14,73.633,60,131,15336.359,98
6/10/2022,1666.201,376.414,2.115,27,17,69.453,51,71,4543,91
6/11/2022,1672.972,378.298,2.966,20,22.484,65.842,51,91,6666,97
6/12/2022,1670.085,401.34,3.378,36,23.001,64.608,50,110,7547,97
6/13/2022,1670.736,643.285,6.747,77,19,78.407,62,164,14717,107
6/14/2022,1694.685,624.669,6.009,87,24.977,81.541,60,152,13115.124,113
6/15/2022,1695.36,660.887,6.677,87,19,77.634,58,160,14240,118
6/16/2022,1697.528,646.903,5.907,56,16,79.474,57,183,12445,124
6/17/2022,1676.661,352.444,2.123,20,13,62.745,51,53,4541.591,95
6/18/2022,1678.438,441.084,3.6,28,15,64.305,49,94,7640,94
6/19/2022,1680.79,425.134,3.898,32,31.393,68.461,51,123,8404,99.5
6/20/2022,1690.376,599.374,5.754,66,14,76.872,59,140,12544,96
6/21/2022,1680.441,561.804,4.961,68,8,78.148,52,105,10582.984,94
6/22/2022,1667.635,550.575,5.119,67,13,72.935,56,119,11132,115
6/23/2022,1699.09,641.049,6.124,73,16,76.532,61,170,13360.017,116
6/24/2022,1681.87,375.683,2.803,18,21.713,65.414,52,98,6194.412,91
6/25/2022,1665.29,285.908,1.686,13,18.445,66.394,49,57,3602.687,103
6/26/2022,1675.601,354.199,2.684,22,19,64.474,52,76,5643,91
6/27/2022,1722.157,746.958,6.779,83,17,82.815,68,200,14570.88,108
6/28/2022,1678.233,597.433,5.474,72,23,72.049,57,119,11773,103
6/29/2022,1669.055,579.465,4.953,76,15,68.83,54,101,10563,94.5
6/30/2022,1689.371,726.832,7.927,84,15,73.795,50,200,17363,99
7/1/2022,1731.142,734.847,6.583,109,34,86.486,56,169,14786,92
7/2/2022,1643.574,270.718,1.848,12,10,59.531,49,52,3905.594,94
7/3/2022,1685.125,409.419,3.315,16,23,62.942,54,108,7362.099,89.5
7/4/2022,1665.478,344.802,2.683,9,6.438,65.979,58,117,6311.272,102
7/5/2022,1669.485,579.587,5.161,74,11.67,74.398,57,130,11356,100
7/6/2022,1684.862,583.204,5.677,67,15.933,74.715,52,140,12676,108
7/7/2022,1701.299,701.29,6.736,81,16,72.552,57,174,14923,91
7/8/2022,1697.83,626.498,6.553,66,11.379,74.82,54,226,14222,95
7/9/2022,1675.074,491.65,4.505,36,37.256,65.083,49,147,9770,84
7/10/2022,1658.938,351.084,2.582,14,22,64.63,52,85,5557,84.5
7/11/2022,1677.89,839.046,7.855,105,17,89.416,56,172,16636.013,106
7/12/2022,1667.377,510.871,4.764,62,8,72.306,58,99,10228,98
7/13/2022,1680.067,558.315,5.267,66,15.481,73.004,51,124,11675,107
7/14/2022,1665.031,501.074,4.576,61,14.726,68.206,51,93,10075,92
7/15/2022,1687.282,465.666,2.801,39,20.66,71.071,48,79,6003.398,112
7/16/2022,1684.022,379.387,3.028,16,17.723,66.525,53,94,6621,92
7/17/2022,1679.388,412.688,3.118,29,28.378,62.222,52,100,6736,88.5
7/18/2022,1661.106,583.556,5.112,65,13.436,74.96,53,134,11092.978,101.5
7/19/2022,1668.161,529.615,4.503,64,12.764,70.699,49,83,9537,96.5
7/20/2022,1653.977,532.953,4.676,65,16,66.661,53,95,10066,93
7/21/2022,1683.602,576.057,5.288,70,11,69.646,48,129,11286,103
7/22/2022,1678.367,491.672,5.059,34,13,63.032,53,153,10756,103
7/23/2022,1705.812,388.173,2.822,13,13,61.488,46,101,6482,92
7/24/2022,1666.371,427.848,3.812,33,28.522,65.612,50,138,8315,87
7/25/2022,1669.356,345.993,2.171,18,22,60.177,48,66,4813,94
7/26/2022,1652.462,544.565,5.534,85,21.551,67.939,44,133,11987.579,95
7/27/2022,1699.302,729.751,6.678,97,20.284,74.945,53,196,14985.223,92
7/28/2022,1659.668,350.875,3.04,11,18,59.949,50,106,6968,89
7/29/2022,1678.364,381.482,3.164,14,18,60.507,45,129,7257,97.5
7/30/2022,1672.577,473.83,4.014,36,21,67.206,45,123,8247,90
7/31/2022,1666.667,359.583,3.026,22,27.186,64.332,56,102,6616.59,109
8/1/2022,1673.481,377.717,3.641,24,16,65.32,47,145,8184.34,112
8/2/2022,1666.374,298.01,2.026,14,16.411,60.159,47,59,4521,86
8/3/2022,1696.546,398.334,3.293,21,20,57.437,45,101,7358,63
8/4/2022,1704.895,665.403,5.839,45,21,68.943,54,189,12286,105.5
8/5/2022,1659.026,312.706,1.92,12,14,57.325,49,92,4205.326,99.25
8/6/2022,1698.543,465.951,3.975,22,21.742,64.559,53,153,9103.748,83
8/7/2022,1697.872,401.32,2.931,18,4,67.856,45,106,6751.391,85.5
8/8/2022,1692.678,474.749,6.46,13,3,63.908,58,194,14870.511,94
8/9/2022,1692.082,538.099,7.223,24,4,69.94,48,221,16536.643,84.5
8/10/2022,1660.481,416.063,5.025,21,10,64.008,48,139,11573,91
8/11/2022,1672.863,395.126,3.242,1,1,62.132,52,163,7441,87
8/12/2022,1658.192,393.42,3.907,7,2,59.738,66,130,9006,94.5
8/13/2022,1701.593,611.291,5.99,12,10,85.882,58,267,14064.905,87
8/14/2022,1682.622,415.562,3.379,5,10,61.903,72,125,7619.508,108
8/15/2022,1695.853,418.841,2.981,26,21.148,71.803,72,101,6754.141,108
8/16/2022,1680.283,530.521,4.119,53,26.68,70.971,62,104,9262.004,102.5
8/17/2022,1707.881,722.317,7.238,66,47,75.947,58,228,16369,101
8/18/2022,1742.753,779.855,9.238,38,34,77.962,50,327,20479,126
8/19/2022,1698.088,552.48,5.966,16,8,70.252,51,213,13550,90
8/20/2022,1702.703,540.527,5.214,21,7,64.627,61,183,11800,88
8/21/2022,1683.134,496.201,5.177,40,14,69.402,61,202,11963,90
8/22/2022,1655.575,461.164,4.014,22,12,69.014,58,114,9150.454,103
8/23/2022,1703.953,616.184,5.682,41,18,74.685,71,164,12990.029,108
8/24/2022,1662.913,478.899,4.719,31,11,67.396,50,120,10573.384,105.5
8/25/2022,1681.582,522.803,4.824,31,13,70.414,57,135,10927,102
8/26/2022,1683.218,461.565,3.898,24,13,68.489,52,108,8952,107.5
8/27/2022,1680.442,345.037,3.362,8,4,60.122,52,98,7553.444,82
8/28/2022,1671.889,432.908,3.914,35,10,65.001,48,99,8826,99
8/29/2022,1671.216,536.411,5.149,31,18,67.438,50,134,11593,110
8/30/2022,1701.812,564.95,4.998,34,15,71.257,66,155,11215.705,99
8/31/2022,1679.037,450.146,3.632,22,11,69.061,58,95,8192,106
9/1/2022,1699.766,576.924,5.216,35,24,67.734,52,178,11934,94
9/2/2022,1693.25,590.221,6.02,37,18,73.75,62,161,13684,105
9/3/2022,1666.074,295.158,3.131,3,18,62.752,54,97,7183.433,89
9/4/2022,1693.553,479.753,4.346,13,5,68.168,49,160,9775,86
9/5/2022,1677.346,400.24,3.15,18,14,67.739,52,95,7277.018,102.5
9/6/2022,1692.619,570.069,5.497,29,12,72.205,71,177,12454.086,103
9/7/2022,1682.872,504.178,4.433,28,18,71.583,59,122,10198,92
9/8/2022,1694.553,457.592,3.442,23,9,69.63,60,90,7853,105
9/9/2022,1629.39,138.581,4.051,1,18,59.071,51,45,9259.977,79.5
9/10/2022,1687.581,427.543,3.869,8,4,62.909,55,136,8728,79.5
9/11/2022,1692.671,526.731,4.963,28,6,71.796,83,144,11052,88
9/12/2022,1687.751,552.012,5.475,35,15,72,61,156,12192,98
9/13/2022,1704.646,562.869,5.367,32,11,72.418,56,159,12027,98
9/14/2022,1670.965,472.574,4.66,20,11,68.894,54,157,10688,96.5
9/15/2022,1666.152,380.36,3.13,24,11,67.568,54,76,7150,104
9/16/2022,1668.334,422.191,3.645,28,10,76.533,60,83,7944.801,102
9/17/2022,1716.205,440.173,4.403,8,3,67.326,63,148,10161.993,85.5
9/18/2022,1716.338,542.82,5.259,17,8,74.882,57,166,11798.648,92
9/19/2022,1659.664,403.634,3.646,31,16,73.577,67,90,8313,105
9/20/2022,1695.789,618.351,5.229,44,26,69.247,63,149,11998,98
9/21/2022,1650.197,447.417,4.145,29,12,75.89,58,110,9398.5,111
9/22/2022,1689.461,518.865,4.489,31,14,68.162,59,120,10267.847,106
9/23/2022,1675.338,537.429,5.253,51,17,69.116,56,139,11770.883,106.5
9/24/2022,1686.205,371.436,3.449,6,3,63.802,54,120,7762.57,92
9/25/2022,1671.963,352.609,3.962,18,12.205,62.089,58,130,8865.736,88
9/26/2022,1568.467,541.739,5.409,59,19,71.877,62,127,11999,101
9/27/2022,1607.347,477.713,4.181,34,19,69.637,63,131,9421.584,93
9/28/2022,1594.97,401.011,3.624,33,13,69.827,60,83,8087.479,94
9/29/2022,1584.484,436.041,3.669,33,18,70.006,63,99,8353.777,107
9/30/2022,1562.116,436.475,4.174,21,11,65.611,57,123,9375.002,93
10/1/2022,1600.465,354.701,3.526,10,2,65.371,53,104,7656,101
10/2/2022,1586.378,327.519,3.35,13,3,65.353,50,100,7417.042,101
10/3/2022,1607.284,498.77,4.939,29,14,75.756,63,136,10936,108
10/4/2022,1606.965,528.745,4.776,43,19,72.543,58,167,10831.251,108
10/5/2022,1591.531,415.248,3.588,25,14,68.311,57,101,8007,97
10/6/2022,1595.101,389.227,3.301,26,10,68.869,55,85,7436,105
10/7/2022,1584.969,508.411,5.195,47,13,72.378,52,120,11510,94.5
10/8/2022,1572.902,248.787,3.576,6,13,63.148,54,83,7760.784,95.5
10/9/2022,1606.556,373.434,2.99,9,6,66.485,59,105,6787.031,96
10/10/2022,1593.621,310.393,2.934,13,9,64.474,54,93,6589,92
10/11/2022,1598.47,384.954,3.717,19,4,64.459,59,95,7979,86
10/12/2022,1591.246,695.089,7.447,102,28,82.56,66,211,16397.583,118
10/13/2022,1586.321,447.228,3.957,45,30,65.53,53,95,8659.808,100
10/14/2022,1607.37,586.416,6.753,46,12,65.53,53,211,14736.586,100
10/15/2022,1521.113,4.383,3.084,46,12,53.472,53,211,6739,100
10/16/2022,1622.092,428.008,3.809,12,10,65.911,62,159,8486,90
10/17/2022,1585.523,486.628,4.396,50,24,72.37,60,104,9276,107
10/18/2022,1603.99,518.56,4.848,43,14,70.683,54,156,10553.941,101
10/19/2022,1568.612,446.452,3.74,40,18,72.609,55,94,8207.703,104.5
10/20/2022,1597.462,440.756,3.865,29,11,71.727,59,106,8646.086,107
10/21/2022,1603.549,537.162,5.284,55,17,73.837,53,145,11780,90
10/22/2022,1589.68,388.169,3.984,2,1,64.714,59,176,8932.66,90
10/23/2022,1603.172,371.582,3.201,29,14.632,69.414,55,75,7089.874,111
10/24/2022,1594.919,473.96,4.895,36,14,71.756,64,148,10962.846,100
10/25/2022,1606.801,512.469,4.794,45,19,69.98,51,138,10448,84
10/26/2022,1573.65,370.753,3.239,35,14,70.741,55,72,7212,97
10/27/2022,1595.03,450.286,3.921,41,13,68.63,53,112,8673.544,111.5
10/28/2022,1584.445,472.842,4.364,42,14,69.907,61,97,9687.949,91
10/29/2022,1595.052,365.636,3.673,5,2,65.099,53,96,8070,89
10/30/2022,1581.985,397.373,4.514,13,3,63.085,51,174,10320.964,82
10/31/2022,1589.816,447.732,4.512,34,11,70.965,60,124,10059.171,104
11/1/2022,1603.721,435.991,4.027,30,9,74.046,68,113,8833.627,115
11/2/2022,1583.09,440.564,5.29,44,18,70.865,53,129,11345.378,98.5
11/3/2022,1620.415,628.646,5.68,43,16,75.417,62,209,12946.601,91.5
11/4/2022,1603.532,707.269,12.879,58,11,80.763,62,310,29384.821,107
11/5/2022,1639.208,1122.952,14.055,118,38.3,85.273,53,403,32118.581,107
11/6/2022,1662.928,548.78,6.802,43,4,72.887,64,204,15386.903,103
11/7/2022,1645.444,469.337,3.674,15,1,70.007,59,159,8361.07,95.5
11/8/2022,1592.597,518.249,4.899,51,9,68.534,64,144,10538,92.5
11/9/2022,1577.272,401.457,3.675,37,17.441,70.74,55,93,8118,96.5
11/10/2022,1589.45,429.048,3.656,35,16,68.377,57,116,8058.15,99.5
11/11/2022,1579.335,471.341,4.708,45,23,64.869,50,125,10370.319,85
11/12/2022,1603.203,456.407,4.704,23,5,65.732,57,189,10501.11,91
11/13/2022,1585.828,284.108,1.88,10,4,65.976,54,59,4186,90.5
11/14/2022,1554.667,458.355,4.149,56,23,72.911,52,109,8960,124
11/15/2022,1595.04,489.914,4.171,43,21,69.173,54,110,9155,110
11/16/2022,1570.3,164.353,4.399,1,16,62.162,52,50,10025,88
11/17/2022,1582.499,433.474,3.469,38,11,67.69,64,87,7584,100
11/18/2022,1604.669,486.788,4.491,46,15,69.343,55,134,10088.294,88
11/19/2022,1586.265,297.369,2.927,8,15,65.829,57,98,6299.425,82
11/20/2022,1612.862,327.91,3.167,10,8.209,65.822,56,108,7046,95
11/21/2022,1602.534,395.282,2.889,24,17,74.412,60,60,6319,98
11/22/2022,1578.313,396.055,3.248,30,12,70.466,61,83,7134.884,108
11/23/2022,1586.144,322.411,4.15,5,12,64.749,54,151,9188,93
11/24/2022,1592.91,324.795,2.537,9,8,71.226,62,83,5753.92,101
11/25/2022,1612.591,629.182,6.143,66,44,72.317,63,226,13877,128
11/26/2022,1585.608,457.539,4.583,38,16,66.812,55,220,10935.566,94.5
11/27/2022,1593.144,384.78,3.194,31,11,69.3,54,112,7186.882,86
11/28/2022,1586.564,399.867,3.784,20,20,68.966,61,149,8713.895,87
11/29/2022,1618.502,497.608,5.251,44,13,74.776,56,132,11291.75,108
11/30/2022,1603.102,563.809,6.707,49,5,71.596,61,184,14562,106
12/1/2022,1601.67,558.918,5.604,54,31,70.441,51,176,12204.118,105
12/2/2022,1563.035,276.643,2.556,34,21,63.587,52,66,5620,102.5
12/3/2022,1594.77,342.197,2.999,14,7,66.836,58,94,6713.772,95
12/4/2022,1600.682,367.093,2.97,13,7,66.756,58,113,6779.576,93
12/5/2022,1597.16,596.19,6.322,70,26,72.902,59,153,13762.193,111
12/6/2022,1610.875,629.076,6.188,74,28,75.298,64,155,13430,107.5
12/7/2022,1590.166,447.711,4.13,31,14,72.097,59,103,9131,91
12/8/2022,1609.298,448.852,3.498,33,15,68.973,57,88,7769,77
12/9/2022,1604.24,554.036,5.582,47,19.223,69.923,62,160,12444,93
12/10/2022,1608.966,331.022,3.835,17,5,77.257,64,126,8614.917,95
12/11/2022,1602.2,388.96,2.834,32,14.789,66.017,61,91,6221,92
12/12/2022,1601.438,460.177,4.255,31,11,66.129,53,111,9337.554,91
12/13/2022,1595.665,342.01,2.765,30,8,69.363,53,90,6086.096,97
12/14/2022,1608.463,467.252,3.729,32,13,69.842,53,110,8154,112
12/15/2022,1602.133,443.558,4.078,28,20,69.48,54,134,9071.462,97
12/16/2022,1594.678,392.756,4.98,35,19,68.881,64,110,10991.683,91
12/17/2022,1601.116,388.231,3.964,5,1,63.251,55,135,8799.458,89.5
12/18/2022,1554.32,38.403,2.524,5,2,60.973,60,7,5472,92
12/19/2022,1583.516,222.613,1.976,1,2,65.489,61,68,4333.753,91.5
12/20/2022,1606.575,354.964,3.27,10,2.128,69.112,55,123,7216.009,101
12/21/2022,1607.043,329.056,2.362,9,4,68.284,53,70,5242,95
12/22/2022,1579.165,256.418,2.4,5,4,62.96,48,95,5287,63
12/23/2022,1605.554,438.263,4.595,38,7.164,69.78,51,155,10638,97
12/24/2022,1582.365,178.491,1.495,38,1,64.2,54,34,3258,86
12/25/2022,1598.614,351.985,2.926,10,7.211,68.019,62,120,6625.274,89
12/26/2022,1611.539,369.757,3.706,19,14.094,71.451,60,117,8248.965,103.5
12/27/2022,1596.537,292.433,2.153,2,14.094,69.108,59,68,4761.974,91
12/28/2022,1596.478,306.033,3.518,3,1,73.434,59,109,7902.615,102
12/29/2022,1535.557,393.077,4.527,18,16,70.789,52,158,10099.893,90
12/30/2022,1597.372,365.507,3.347,6,2,66.99,57,115,7593.606,97.5
12/31/2022,1587.823,242.651,1.819,1,2,64.266,59,53,3996.317,85
1/1/2023,1600.511,335.292,2.891,8,2,64.654,53,96,6429,77
1/2/2023,1600.009,346.181,3.297,7,1,63.499,52,106,7397.51,92
1/3/2023,1597.692,362.995,3.721,9,1,65.755,61,86,8239.102,91
1/4/2023,1597.997,272.508,2.034,5,2,65.886,56,58,4499.924,87
1/5/2023,1551.003,96.365,0.776,5,2,70.02,59,14,1648.915,87
1/6/2023,1591.469,311.953,3.624,5,1,71.611,64,123,8039,111
1/7/2023,1609.031,438.551,4.378,21,10,79.062,70,148,9896.775,101.5
1/8/2023,1552.4,68.904,0.977,21,10,81.332,83,13,2049,101.5
1/9/2023,1582.855,216.387,2.498,7,2,81.078,71,55,5443.955,115
1/10/2023,1597.086,370.858,4.532,2,1,79.224,69,147,10565,111
1/11/2023,1584.204,266.881,2.344,10,4,77.996,65,69,5355.043,120
1/12/2023,1594.278,461.466,6.121,12,3,73.332,56,205,14541.601,104
1/13/2023,1600.43,414.113,5.245,9,5,75.835,70,177,12563.656,111
1/14/2023,1608.417,555.909,7.238,17,8,78.431,63,271,16539,122
1/15/2023,1597.197,426.294,5.375,8,2,80.247,69,213,12656.905,121
1/16/2023,1585.668,496.176,4.739,39,14,79.251,68,142,10871,110
1/17/2023,1598.092,459.066,4.778,33,19,78.992,72,130,10820,111
1/18/2023,1590.379,465.583,5.721,39,12,78.663,65,152,12586,110
1/19/2023,1587.173,374.354,3.704,35,13,77.66,73,104,8454,113
1/20/2023,1601.757,481.023,6.064,27,11,75.602,71,174,13729,112
1/21/2023,1587.693,337.13,3.809,1,2,75,68,117,8718.775,102
1/22/2023,1595.502,424.211,4.598,6,6,76.569,62,177,10638,121.5
1/23/2023,1595.947,443.369,4.486,39,20,90.087,76,129,10365,126
1/24/2023,1592.943,518.769,5.659,48,18,80.1,68,157,12812,111
1/25/2023,1612.13,589.083,6.864,55,11,74.922,62,204,14998.228,104
1/26/2023,1584.857,443.35,4.983,44,14,82.334,67,102,10933.938,105
1/27/2023,1570.641,323.347,4.043,45,15,90.468,76,88,8925.024,97.5
1/28/2023,1587.043,250.553,2.838,6,2,84.239,64,99,6234.441,105
1/29/2023,1598.709,391.221,3.675,8,5,74.122,69,133,8388.112,104
1/30/2023,1579.647,432.158,4.778,35,11,77.227,70,129,11846.547,92
1/31/2023,1564.029,293.286,2.784,31,18,83.629,70,71,6192,123.5
2/1/2023,1604.14,616.952,7.218,65,18,86.654,72,212,15847.172,112
2/2/2023,1586.185,407.928,3.766,31,15,85.688,75,109,8363.331,110.5
2/3/2023,1592.725,412.188,3.493,30,9,78.313,63,110,7874,106
2/4/2023,1575.855,219.322,1.6,1,1,78.869,69,53,3730,103
2/5/2023,1589.778,428.094,5.552,2,1,78.605,70,219,13047,106.5
2/6/2023,1591.038,453.729,4.469,28,17.876,81.684,65,131,10203,108
2/7/2023,1605.101,547.526,5.861,41,17,78.685,73,174,13090,103
2/8/2023,1594.346,461.112,4.211,43,13,79.781,61,116,9276,105
2/9/2023,1577.526,330.037,3.085,33,12,78.268,56,75,6856,117.5
2/10/2023,1603.875,629.801,6.646,61,17,76.744,70,221,14806,110
2/11/2023,1576.563,181.086,1.744,61,17,76.881,69,59,4003.775,105
2/12/2023,1591.274,295.325,2.103,8,4,76.125,68,58,4895,108
2/13/2023,1595.561,419.953,3.702,31,12,78.513,60,102,8140,112.5
2/14/2023,1572.361,333.141,3.155,44,13,85.66,69,75,6940,128
2/15/2023,1587.421,411.38,4.219,28,8,84.262,70,117,9360,122
2/16/2023,1593.812,479.362,4.563,40,15.724,86.83,68,116,10123,147.5
2/17/2023,1579.421,399.614,3.43,47,22,86.677,69,86,7519,128
2/18/2023,1576.883,224.937,2.029,4,22,78.146,69,56,4561.366,126
2/19/2023,1586.009,315.108,2.575,8,4,80.375,69,83,5976,130
2/20/2023,1586.567,384.104,3.239,31,14.854,87.462,72,68,7089,137.5
2/21/2023,1580.76,387.74,3.459,39,11,88.688,77,88,7789.785,130.5
2/22/2023,1593.411,454.364,4.686,28,8,87.048,77,124,10149.215,130
2/23/2023,1584.903,466.925,4.358,56,27,98.874,81,108,9621.801,139
2/24/2023,1588.4,455.523,4.444,39,16,84.242,68,116,9870,131.5
2/25/2023,1609.283,638.71,7.179,52,18,78.359,65,248,15899,133
2/26/2023,1609.982,482.275,5.01,26,6,78.521,65,161,11192.573,111
2/27/2023,1616.987,650.078,7.483,57,13,80.763,68,232,16394,118.5
2/28/2023,1583.881,406.326,3.476,44,21,77.361,59,73,7748,120
3/1/2023,1586.388,400.452,5.075,31,13,85.792,78,121,11016,127
3/2/2023,1587.867,345.347,2.841,33,12,82.662,66,68,6262,127
3/3/2023,1592.652,403.791,3.547,28,11,81.428,72,91,7916,120
3/4/2023,1582.146,358.116,3.416,12,3,78.383,66,118,7424.405,112
3/5/2023,1580.985,292.76,2.498,9,3,80.383,75,74,5517,114.5
3/6/2023,1577.572,339.888,3.15,35,16,80.89,60,67,6923.991,132
3/7/2023,1585.183,392.79,3.75,41,11,90.373,68,81,8331,119.5
3/8/2023,1607.717,618.447,6.203,70,17,82.716,59,157,13193,121.5
3/9/2023,1590.646,419.118,3.596,40,9,83.095,65,79,7924.959,126
3/10/2023,1592.912,427.86,3.58,44,18,85.019,65,83,7822,116
3/11/2023,1573.542,154.498,1.022,1,18,71.648,61,21,2246.834,104.5
3/12/2023,1530.42,329.919,2.614,6,1,77.019,65,81,5807.733,91
3/13/2023,1578.604,252.026,1.728,6,1,73.61,60,53,3878.039,100
3/14/2023,1590.793,367.538,4.489,33,6,73.933,61,103,9307.009,103
3/15/2023,1600.941,501.293,5.889,49,15,76.604,60,146,12596.863,109.5
3/16/2023,1591.309,338.294,2.368,9,6,78.012,64,96,5220.06,113
3/17/2023,1582.775,266.788,3.139,19,7,72.616,61,73,6628,110
3/18/2023,1585.383,252.824,1.458,2,3,77.136,68,47,3230,102
3/19/2023,1582.406,271.794,2.53,5,3,82.911,69,84,5636.234,116
3/20/2023,1584.257,415.67,3.699,50,24,87.826,70,81,8167.344,118
3/21/2023,1583.826,433.643,3.93,44,24.592,81.502,69,94,8711.363,111
3/22/2023,1596.2,513.557,6.017,51,16,77.771,60,166,13095.383,106
3/23/2023,1592.337,506.001,4.625,57,16.884,88.948,74,112,10111,119
3/24/2023,1598.568,419.389,3.534,27,11,81.645,69,97,7768,105
3/25/2023,1575.659,428.997,5.655,44,11,80.342,63,146,12401.159,103
3/26/2023,1559.341,338.845,2.823,22,11,83.209,74,66,5836.27,101
3/27/2023,1590.255,484.678,5.02,43,17,86.589,68,139,11213.608,113
3/28/2023,1603.765,488.972,4.387,50,15,88.997,64,131,9774.916,100
3/29/2023,1593.819,429.809,4.451,26,10,81.385,65,129,9726.994,127
3/30/2023,1601.132,504.104,4.507,54,28,91.797,76,99,9872,113
3/31/2023,1598.259,450.788,4.004,54,35.176,90.589,77,100,8816,109
4/1/2023,1584.61,341.588,3.447,20,5,84.192,75,108,7785,96
4/2/2023,1592.41,404.263,4.363,20,2,76.865,69,118,9616.245,101
4/3/2023,1594.308,390.098,3.35,30,13,79.118,70,74,7258,111.5
4/4/2023,1595.386,480.812,4.463,50,24,81.442,71,113,9664,110
4/5/2023,1592.138,557.481,6.907,78,22,85.114,80,150,14474,118
4/6/2023,1592.038,469.461,4.319,52,17,78.696,70,98,9436,110.5
4/7/2023,1584.875,386.876,3.228,31,12,76.664,60,74,7122,107
4/8/2023,1588.735,310.299,3.308,1,12,71.383,56,126,7351,96.5
4/9/2023,1599.408,320.109,2.597,3,2,74.739,62,88,5801,106
4/10/2023,1597.632,362.265,2.784,20,4,75.821,65,74,6111.371,107
4/11/2023,1589.973,453.151,4.216,49,21,78.689,61,99,9328,121.5
4/12/2023,1589.227,437.403,4.019,40,15,73.874,63,103,8749,108
4/13/2023,1602.573,498.762,4.464,57,15,80.793,67,112,9945,110
4/14/2023,1601.671,549.285,5.459,71,23,80.708,63,135,12109,112
4/15/2023,1457.048,548.748,4.934,38,17,77.121,68,163,11122.469,109.5
4/16/2023,124.108,46.551,1.778,38,2,91.099,68,21,3902,111
4/17/2023,1600.782,465.691,4.148,41,15,76.138,56,115,9171,112
4/18/2023,1598.503,464.782,4.573,45,17,75.157,65,107,10153.151,109
4/19/2023,1598.018,556.511,6.447,65,19.985,72.476,55,161,13726.525,111
4/20/2023,1604.867,498.45,4.794,48,11,73.805,65,110,10604,99
4/21/2023,1578.507,350.966,3.069,39,13,75.749,68,78,6734.086,104.5
4/22/2023,1595.205,303.366,2.558,16,8,75.705,73,94,5691.019,119
4/23/2023,1598.212,596.509,5.91,54,4,80.443,57,141,11871,100.5
4/24/2023,1588.932,365.391,3.185,24,11,74.651,62,79,7058,110
4/25/2023,1579.881,462.192,4.181,45,20,76.343,64,106,9272.23,105
4/26/2023,1609.869,618.304,7.872,73,15,78.453,69,194,16715.328,95.5
4/27/2023,1590.909,476.217,4.817,48,14,78.383,69,126,10654.074,107
4/28/2023,1585.036,435.737,4.185,36,11,72.056,58,116,9246,89
4/29/2023,1614.412,508.05,4.766,26,6,77.075,59,207,10707,106.5
4/30/2023,1608.209,342.415,2.897,12,7,69.146,55,108,6431,91
5/1/2023,1594.331,466.656,4.416,48,13,74.826,57,113,9123,113
5/2/2023,1599.132,553.501,5.554,75,18,90.303,69,135,12059,109
5/3/2023,1595.397,404.952,4.244,23,4,69.42,58,113,9226.997,99
5/4/2023,1593.778,386.386,3.341,33,9,74.841,64,110,7334.184,107
5/5/2023,1621.523,630.07,7.106,50,13,74.93,63,243,15482.322,108
5/6/2023,1580.563,346.321,3.022,31,8,78.739,71,82,6766.528,109
5/7/2023,1582.677,287.814,3,20,4,69.438,68,75,8852.307,94
5/8/2023,1593.303,380.87,3.703,23,5,72.285,66,97,8111,109
5/9/2023,1588.111,301.057,2.514,17,5,77.658,71,62,5644,107
5/10/2023,1599.467,407.243,3.971,29,4,78.165,74,103,8631,99
5/11/2023,1605.313,512.417,5.221,42,14,81.228,68,145,11608,106
5/12/2023,1598.95,385.247,3.166,27,6,74.197,67,80,6963,96
5/13/2023,1610.295,463.066,4.902,12,1,74.205,66,165,10940,103
5/14/2023,1626.98,403.4,3.391,38,15,73.141,54,123,7753.092,94.5
5/15/2023,1621.736,424.465,3.642,29,3,70.49,63,114,8310.291,95
5/16/2023,1618.877,487.77,4.815,45,20,72.151,58,173,11123.778,91.5
5/17/2023,1607.302,464.363,5.36,37,4,79.573,54,178,12442.5,99
5/18/2023,1614.575,557.017,4.771,90,16,82.87,63,153,11045.209,117
5/19/2023,1625.724,243.7,1.19,16,4,70.093,65,24,2667.065,102
5/20/2023,1630.915,319.435,1.871,9,4,72.407,64,76,4406.31,98
5/21/2023,1614.677,353.412,3.315,5,1,72.891,53,112,7400,105
5/22/2023,1601.625,343.28,2.503,6,1,71.738,68,83,5694.728,108
5/23/2023,1610.507,573.713,5.735,19,3,83.976,68,223,12770.9,118
5/24/2023,1595.908,512.451,6.314,7,3,70.311,64,196,14165.982,107
5/25/2023,1606.582,562.795,7.038,12,1,70.949,62,232,15586.749,104.5
5/26/2023,1619.994,637.259,7.879,18,1,75.291,57,271,17475.719,103
5/27/2023,1627.924,628.407,7.28,26,20.985,71.008,63,295,16691,98.5
5/28/2023,1601.321,388.021,4.562,23,41,69.765,65,158,10251.78,96.5
5/29/2023,1598.59,560.618,7.486,36,18,67.354,63,259,16314,100
5/30/2023,1607.618,519.877,7.552,10,12,72.564,62,291,17364.89,102
5/31/2023,1614.94,685.531,10.337,31,10.485,67.621,52,369,23242,91.5
6/1/2023,1590.67,541.908,7.757,11,11.48,69.251,64,276,17888.593,102
6/2/2023,1588.846,338.477,3.587,24,16.608,69.483,62,92,7719,96.5
6/3/2023,1591.265,321.817,2.479,13,12.392,68.465,53,95,5642.065,99.5
6/4/2023,1596.1,593.274,7.807,37,10.37,72.426,64,268,17112.965,92
6/5/2023,1616.809,436.243,4.154,19,11,77.225,67,136,9487.08,110
6/6/2023,1614.237,495.913,6.225,9,8,78.059,69,217,14412.927,105
6/7/2023,1599.529,435.873,5.208,16,9,70.261,59,167,12303.378,101.5
6/8/2023,1595.852,455.334,5.478,24,15,71.115,60,167,12899,95
6/9/2023,1612.631,418.077,3.152,24,12,71.078,57,135,7008.134,114
6/10/2023,1591.945,415.275,3.614,20,16.384,79.005,57,146,8248.725,98
6/11/2023,1600.675,556.517,8.025,15,19,74.2,58,303,18206,110.5
6/12/2023,1595.338,399.316,3.643,27,18.375,66.177,60,120,7914.627,90.5
6/13/2023,1533.566,453.489,5.571,10,8.338,70.439,60,194,13180,103.5
6/14/2023,1592.777,425.731,5.176,10,12.396,73.276,58,179,12044,103
6/15/2023,1593.508,434.036,5.165,24,10.067,80.231,70,173,11968.468,110
6/16/2023,1563.261,181.904,1.383,9,8,79.058,68,46,3129,113
6/17/2023,1611.066,697.48,7.624,77,15,88.727,75,312,17792.968,111.5
6/18/2023,1565.403,199.197,1.41,9,11.479,78.746,68,48,3111.296,108.5
6/19/2023,1577.844,282.149,1.795,8,9.701,66.917,60,70,4067.451,92
6/20/2023,1583.278,348.796,4.309,6,5,60.395,56,161,10053,89
6/21/2023,1596.219,427.444,4.943,12,7,63.672,55,165,11582.752,95.5
6/22/2023,1593.581,348.348,3.308,9,10.948,63.561,55,106,7460.248,89
6/23/2023,1601.15,398.287,3.456,16,5,72.156,62,115,8261,98.5
6/24/2023,1577.74,148.232,1.071,6,8,73.27,64,20,2403.89,106.5
6/25/2023,1603.65,611.219,8.256,35,14,73.023,62,247,17894.015,102
6/26/2023,1577.526,253.007,1.728,8,7.83,67.318,61,46,3884,92
6/27/2023,1596.104,336.2,2.778,12,9,72.441,68,92,6302,100.5
6/28/2023,1592.189,394.423,4.848,15,6,70.813,62,175,11214,100.5
6/29/2023,1589.2,398.4,4.744,8,3,71.965,66,190,11013,108
6/30/2023,1583.229,295.23,1.291,9,9,72.283,62,41,2896,101
7/1/2023,1580.35,248.464,1.529,10,15,70.409,66,50,3447,101
7/2/2023,1617.81,613.173,8.433,31,11,82.453,80,307,19183.581,107
7/3/2023,1579.228,209.905,0.983,7,5,68.434,55,34,2179,92
7/4/2023,1572.094,262.569,2.044,10,9,68.558,64,54,4434,102.5
7/5/2023,1593.562,350.746,3.387,13,6,71.555,68,108,7487,104
7/6/2023,1603.347,355.959,2.683,12,7,74.702,66,96,6102,103
7/7/2023,1568.732,129.305,2.226,3,6,69.212,66,56,5074,111
7/8/2023,1582.742,298.142,1.981,10,9,72.192,58,101,4408,110
7/9/2023,1594.725,459.576,7.228,19,15,78.34,72,262,16609.37,100
7/10/2023,1592.974,359.353,3.033,18,16,67.665,63,113,6711,91
7/11/2023,1607.306,498.146,6.747,15,4,67.869,61,236,15782.883,109
7/12/2023,1595.232,409.11,4.451,11,6,69.225,63,151,10442,99
7/13/2023,1596.716,385.434,3.609,13,5,72.932,63,159,8156,105.5
7/14/2023,1607.981,324.285,2.19,11,6,70.805,56,87,4927.335,91
7/15/2023,1607.603,546.544,6.16,35,28.751,89.82,69,238,13999,108
7/16/2023,1584.176,243.728,1.579,20,18,64.073,60,40,3494,86
7/17/2023,1568.311,318.574,2.697,9,9,63.59,62,98,5990,91
7/18/2023,1601.246,423.463,3.376,21,13,70.591,64,161,7716,103
7/19/2023,1581.737,308.606,2.668,11,8.874,70.539,59,83,6042,96
7/20/2023,1595.978,293.858,1.894,11,7,69.097,61,77,4309,95.5
7/21/2023,1577.081,374.962,2.973,23,17,80.57,63,121,6759,107
7/22/2023,1569.785,161.412,1.209,9,10.444,64.98,55,53,2787.905,96
7/23/2023,1590.514,355.712,3.58,19,23.057,75.37,68,116,8310.728,94.5
7/24/2023,1544.592,334.311,3.03,14,9,71.364,62,110,6765,106
7/25/2023,1593.675,409.628,2.791,24,10,77.22,63,118,6411,108
7/26/2023,1580.621,258.065,1.554,11,3.477,69.294,65,50,3513,104.5
7/27/2023,1611.393,345.2,2.495,14,8.002,70.321,65,87,5532.178,99
7/28/2023,1569.288,286.295,1.847,11,13,73.629,66,74,4230.026,105.5
7/29/2023,1590.011,375.074,3.78,27,30.282,75.731,54,117,8726.899,107
7/30/2023,1612.734,458.27,4.231,27,15,76.258,66,137,9629.606,102
7/31/2023,1586.17,305.869,2.632,16,18.777,67.986,55,81,5976,91.5
8/1/2023,1592.603,297.131,2.322,12,13,67.569,60,72,5281.402,93
8/2/2023,1571.699,251.231,1.802,13,14.919,69.291,55,55,4047.917,106
8/3/2023,1603.169,527.914,5.385,57,15,78.944,60,156,12143.26,108
8/4/2023,1618.732,382.508,3.05,25,17,70.351,62,131,6936.45,105
8/5/2023,1611.502,545.498,4.184,70,17,76.335,63,166,9537.502,95
8/6/2023,1607.815,350.296,3.249,17,9,72.942,56,137,7931.878,98
8/7/2023,1605.547,459.571,4.114,39,24,72.411,61,154,9300.94,99
8/8/2023,1585.569,294.055,1.827,13,16,72.634,66,107,4109.909,102
8/9/2023,1550.25,200.823,1.835,6,10,71.559,56,44,3857,102
8/10/2023,1582.707,448.24,5.555,32,22,85.135,79,157,13005,115
8/11/2023,1582.511,313.209,2.574,17,18,82.631,73,105,6076,115
8/12/2023,1572.847,278.052,1.886,13,9,78.503,61,61,4310.748,104
8/13/2023,1584.492,390.036,4.131,13,15,81.852,65,145,9721.277,114
8/14/2023,1590.211,408.038,3.4,32,28,76.407,74,111,7843.523,115
8/15/2023,1568.58,330.366,2.428,14,15,73.993,66,77,5542,104
8/16/2023,1602.111,460.628,4.534,52,24,73.698,54,161,9968.037,99
8/17/2023,1621.442,585.278,8.081,70,79,80.191,67,231,18175.188,99
8/18/2023,1610.511,563.224,5.796,48,53,76.423,66,192,13263.812,109
8/19/2023,1604.348,405.168,4.29,23,27,71.805,67,154,9669.683,99
8/20/2023,1604.503,502.709,5.045,48,29.344,79.577,66,170,11301,111
8/21/2023,1590.511,592.147,5.335,67,28.711,87.235,68,161,12207.292,117
8/22/2023,1601.779,504.993,4.876,51,25,78.716,72,141,10721,104
8/23/2023,1595.494,516.29,4.226,55,23,84.25,70,110,9504,105.5
8/24/2023,1576.152,375.474,3.062,41,21,73.789,60,82,6870,103
8/25/2023,1591.682,445.583,5.92,34,32.742,76.906,65,148,13531.894,92
8/26/2023,1583.245,343.881,3.025,35,20,79.781,69,97,6990.749,104
8/27/2023,1580.066,293.286,3.133,20,16,71.825,57,88,7022,101.5
8/28/2023,1583.619,672.369,6.622,68,19,88.532,73,158,13793.784,106
8/29/2023,1582.758,355.13,3.349,44,27,75.099,68,63,7465.72,111
8/30/2023,1604.008,479.253,4.311,38,30,76.998,65,114,9789,102.5
8/31/2023,1552.814,379.723,3.38,33,19,79.273,61,101,7737,114
9/1/2023,1601.38,469.249,5.196,52,23,77.458,64,135,11728.418,100
9/2/2023,1583.744,428.047,4.199,35,27.337,74.865,66,131,9533.052,104
9/3/2023,1570.044,298.191,2.869,18,19,79.818,64,77,6467.99,98
9/4/2023,1591.505,633.811,5.576,58,23,89.231,71,149,11691.855,115.5
9/5/2023,1563.302,293.059,3.386,34,26,80.926,70,62,7622.684,106
9/6/2023,1590.338,412.639,3.373,25,15,73.463,66,95,7666,107
9/7/2023,1571.508,253.811,2.818,25,17,69.163,66,56,6334.856,112
9/8/2023,1603.99,518.393,4.55,51,22,80.578,66,137,9911,104
9/9/2023,1598.989,615.935,5.628,63,15,82.446,70,207,13425.949,100.5
9/10/2023,1604.877,661.71,5.82,110,45,90.899,64,165,13489.051,117
9/11/2023,1583.954,364.056,4.231,15,7,72.528,66,145,10118,99
9/12/2023,1588.867,447.307,4.587,45,25,78.596,73,110,10237,104
9/13/2023,1589.388,432.94,5.072,47,28.072,76.267,60,105,11447.842,83
9/14/2023,1591.756,440.714,3.996,40,19.514,73.564,64,96,9116.182,92
9/15/2023,1584.472,348.802,3.503,22,21.711,72.819,65,77,7913,94
9/16/2023,1612.635,422.441,3.314,23,15.652,72.376,66,122,7577,103
9/17/2023,1619.89,595.184,6.37,55,16,81.076,70,204,14461.829,100
9/18/2023,1584.25,363.544,3.501,28,16,76.91,75,95,7869.924,105
9/19/2023,1591.882,419.285,3.586,32,20,75.03,64,101,8236,105
9/20/2023,1605.125,492.482,4.63,31,22,76.253,68,142,10682.038,106.5
9/21/2023,1572.947,335.938,4.491,32,23,75.795,71,93,10175,105
9/22/2023,1593.61,336.296,2.879,13,16.341,68.415,59,91,6623,94
9/23/2023,1635.165,723.112,6.696,100,14,81.324,68,211,15510,95
9/26/2023,971.245,449.333,5.404,34,24,81.202,62,134,12639,90.5
9/27/2023,1585.32,337.02,3.113,17,13,71.475,58,81,7243,83.5
9/28/2023,1571.056,310.941,2.979,21,19,72.216,66,70,6916.256,109
9/29/2023,1604.272,406.951,3.164,22,22.534,74.278,66,86,7259.128,94
9/30/2023,1585.069,408.881,3.63,55,10,85.4,68,97,8148.627,98
10/1/2023,1552.141,46.223,2.135,55,12,71.569,68,13,4946.299,79
10/2/2023,1588.889,332.407,2.914,11,10,69.883,59,100,6734,92
10/3/2023,1591.079,481.101,4.772,42,23,73.195,62,127,10892,96
10/4/2023,1597.129,398.734,3.345,32,15,72.991,59,85,7267.303,106.5
10/5/2023,1525.06,422.959,3.516,33,20,72.849,61,110,8090,109
10/6/2023,1597.465,452.144,3.384,39,31,71.398,65,103,7696.038,99
10/7/2023,1608.281,491.12,4.394,37,17,78.552,69,139,10239.904,93
10/8/2023,1595.711,460.927,4.432,53,23,79.109,62,126,10208.091,108
10/9/2023,1574.788,215.138,2.34,5,15,64.612,58,62,5593,86
10/10/2023,1592.128,414.517,3.501,34,26.238,75.917,60,97,7887,108
10/11/2023,1590.165,345.832,3.543,23,14.647,68.371,54,94,8171.635,103
10/12/2023,1584.799,433.261,4.01,39,21,70.71,61,112,9079,93
10/13/2023,1591.578,431.431,3.955,30,28,70.134,62,116,9163.321,94
10/14/2023,1575.852,261.319,2.704,18,13.918,69.482,67,116,6451.234,99
10/15/2023,1570.068,181.808,1.71,11,11,79.042,67,65,4167,86
10/16/2023,1580.227,258.613,1.426,14,8,74.069,63,49,3280.483,82
10/17/2023,1590.335,471.234,3.145,71,22,83.087,53,138,7247.479,99.5
10/18/2023,1583.263,407.577,3.529,50,11,79.723,62,99,7544.607,84
10/19/2023,1580.434,397.194,3.905,38,23,71.915,61,103,9052.488,100.5
10/20/2023,1576.479,387,2.938,32,27,71.884,64,81,6725.528,96
10/21/2023,1571.79,283.539,1.805,11,11,73.177,66,58,4215.889,103.5
10/22/2023,1583.05,202.848,2.506,10,3,85.897,69,76,5851,134
10/23/2023,1566.435,559.773,5.283,68,28,85.683,66,132,11571.833,109
10/24/2023,1580.305,492.282,4.512,48,23,75.882,62,116,10236.47,100
10/25/2023,1584.39,339.839,3.39,34,15.944,70.857,57,82,7651.53,104
10/26/2023,1588.749,449.016,4.285,39,22,74.848,63,129,9920.3,107
10/27/2023,1515.026,367.766,2.542,20,17,67.27,55,93,5783,85
10/28/2023,1536.091,367.766,0.27,20,4,67.27,55,93,680,85
10/29/2023,1550.388,54.639,0.729,2,6,57.064,55,17,1719,109.5
10/30/2023,1604.505,344.453,2.39,27,9,70.933,58,123,5268,100
10/31/2023,1601.206,379.452,3.661,31,17,72.058,54,93,8197,98
11/1/2023,1569.642,236.27,1.831,14,13,69.903,59,57,4165.435,96
11/2/2023,1595.44,328.522,2.347,23,19,74.091,60,64,5301.499,103
11/3/2023,1596.415,409.255,3.319,27,20,72.194,65,115,7733,92
11/4/2023,1606.821,403.698,3.497,20,10,76.643,63,140,8054.472,87
11/5/2023,1653.317,258.785,1.584,11,9,75.277,66,93,3720,89
11/6/2023,1594.813,507.688,3.38,51,14,98.36,62,95,7575.54,104
11/7/2023,1593.718,410.195,3.723,25,15,72.9,62,101,8386.21,92
11/8/2023,1595.83,439.05,3.974,47,13,80.281,60,105,8512.954,99
11/9/2023,1544.538,12.684,4.286,1,23,55.751,69,105,9988,99
11/10/2023,1610.913,431.518,3.466,30,21.563,73.16,64,96,7848,92
11/11/2023,1596.445,458.757,3.79,49,5,89.023,61,125,8209.277,91
11/12/2023,1589.39,284.52,2.872,13,10,81.877,61,117,6515.905,142
11/13/2023,1587.237,363.513,3.245,20,15,69.26,60,108,7290.58,92.5
11/14/2023,1580.075,323.741,2.919,22,13,69.882,59,67,6649.674,99.5
11/15/2023,1572.193,260.498,2.244,19,12,68.304,58,56,5062,74.5
11/16/2023,1590.77,482.767,4.115,52,19.003,76.09,58,99,9379,105
11/17/2023,1598.569,431.031,3.308,32,25.821,73.088,62,117,8368,101
11/18/2023,1571.959,387.838,3.322,30,12,78.663,57,92,7559.941,110
11/19/2023,1592.436,682.605,3.074,57,10,83.605,61,116,6821.154,86.5
11/20/2023,1602.06,341.38,2.999,20,15,70.108,60,54,6650.475,78
11/21/2023,1594.206,699.639,4.555,83,15,85.281,65,148,9890,88
11/22/2023,1573.264,203.03,2.569,7,11,69.482,62,48,5896.717,94
11/23/2023,1584.451,246.754,1.568,13,12,74.585,62,62,3605.928,91
11/24/2023,1584.534,363.597,3.088,31,16,75.144,58,77,6210.502,97
11/25/2023,1580.012,272.14,2.661,14,20,69.771,63,72,6176.969,91
11/26/2023,1579.11,244.958,1.831,9,12,76.864,57,80,4382,92.5
11/27/2023,1595.67,300.325,2.3,8,5.472,68.467,55,92,5363,94
11/28/2023,1601.104,513.324,4.933,53,25,78.073,61,125,11071.014,106
11/29/2023,1585.105,442.99,4.025,48,29.882,72.69,57,93,8912.149,91
11/30/2023,1586.895,458.226,4.857,55,20,79.921,64,98,10396.539,97.5
12/1/2023,1600.859,514.259,4.903,48,31,76.242,62,133,11043,96
12/2/2023,1591.5,328.411,2.218,21,23,76.678,62,74,5097,99
12/3/2023,1565.231,256.695,1.511,12,10,68.487,61,52,3395,91
12/4/2023,1586.345,244.206,1.375,8,8,66.444,59,51,3111,89.5
12/5/2023,1595.988,397.761,3.761,33,17,72.953,58,100,8421.08,96
12/6/2023,1593.995,320.783,2.466,26,12,66.231,55,69,5671.796,90.5
12/7/2023,1574.993,432.919,4.318,60,21,71.395,57,105,9331,90
12/8/2023,1624.952,444.501,3.216,24,12.448,79.226,63,117,7251.24,87.5
12/9/2023,1576.825,240.67,1.22,11,7,66.2,59,32,2703,90
12/10/2023,1583.871,268.727,1.462,19,9,65.795,57,53,3244,93
12/11/2023,1591.606,401.3,3.809,23,15,72.641,66,119,8747.94,91.5
12/12/2023,1584.779,430.262,3.997,36,17,69.344,63,115,8975.938,79
12/13/2023,1617.394,723.778,4.005,60,24,78.968,62,171,9279.281,80.5
12/14/2023,1596.874,509.551,4.581,60,35.75,82.508,67,147,10438,104.5
12/15/2023,1586.023,215.99,1.458,10,5,63.753,55,36,3291.154,89
12/16/2023,1611.903,553.536,6.882,53,6,73.775,60,209,15896.255,91.5
12/17/2023,1580.928,256.771,3.427,3,3,81.117,60,90,8246.395,93
12/18/2023,1197.107,518.737,5.519,73,28.252,71.049,57,163,12541.801,93
12/19/2023,241.806,139.716,7.451,24,59,83.815,58,42,16721.956,90.5
12/20/2023,1623.279,720.23,9.629,56,6,72.053,54,295,22143.086,78.5
12/21/2023,1575.267,231.379,3.62,3,6,63.354,48,122,8909,84.5
12/22/2023,1606.383,516.85,5.717,14,5,72.279,59,227,13863.258,89
12/23/2023,1581.797,269.887,2.155,6,6,70.87,61,74,4965.255,99
12/24/2023,1567.834,179.452,5.871,4,18,64.773,59,49,12758.981,91
12/25/2023,1578.823,300.975,2.907,9,2,74.603,54,84,6685.125,99.5
12/26/2023,1582.564,372.128,3.084,28,22.228,70.832,58,150,7172.229,90
12/27/2023,1596.508,279.088,2.292,16,10,67.32,55,62,5086.673,84.5
12/28/2023,1624.741,332.467,2.019,28,21.204,68.552,61,72,4536.709,96.5
12/29/2023,1602.959,239.557,1.666,14,5,68.268,60,53,3837.103,90.5
12/30/2023,1609.808,404.363,3.038,36,14,94.399,75,121,6941.343,102
12/31/2023,1602.55,226.326,1.278,16,11,66.928,53,45,2907.566,108
1/1/2024,1608.087,199.241,0.831,8,4.177,63.608,55,14,1830,99
1/2/2024,1596.62,270.039,1.656,14,8,65.567,61,52,3662,87
1/3/2024,1626.123,418.505,3.522,30,21.287,66.581,57,133,8004.912,96.5
1/4/2024,1627.576,428.009,3.77,32,16,76.37,65.5,130,8597.021,94.5
1/5/2024,1647.528,641.091,6.393,53,49.899,72.066,72,228,15065,105
1/6/2024,1628.722,603.649,6.524,68,43.598,83.083,62,234,15594.506,96
1/7/2024,1629.677,691.558,5.423,66,41,81.963,59,175,12606,102
1/8/2024,1625.512,614.963,7.039,51,43,79.146,66,200,15676.849,105
1/9/2024,1634.804,759.607,8.453,99,48,82.456,54,270,20186.3,108.5
1/10/2024,1615.631,534.51,6.106,44,32,74.48,64,192,14412.433,103
1/11/2024,1633.663,631.843,5.456,65,26,90.17,64,242,12751.08,103
1/12/2024,1626.91,377.608,2.85,22,20,86.03,69.5,82,6559.354,100.5
1/13/2024,1643.762,520.381,3.902,35,28.051,75.879,70,146,9045,109
1/14/2024,1638.329,441.586,4.402,25,6,80.501,70,137,9956.674,109
1/15/2024,1605.517,299.081,2.032,24,17.64,77.374,62,74,4711,107
1/16/2024,1616.406,323.703,2.874,15,13.177,71.386,59,93,6562.375,90
1/17/2024,1601.906,336.352,3.077,44,15,88.402,89,86,7050.923,121
1/18/2024,1596.384,191.345,0.85,8,4,81.311,71,32,1958.86,107
1/19/2024,1603.206,196.913,0.949,8,5,65.998,55,20,2108,90
1/20/2024,1604.725,198.133,0.9,5,5.851,61.88,57,17,2037,80
1/21/2024,1607.378,236.15,1.413,13,9.093,63.314,55,38,3224.691,92.5
1/22/2024,1623.676,361.919,2.925,34,20,71.43,60,73,6602,99.5
1/23/2024,1618.952,432.852,3.691,50,31,74.545,63,87,8351,91
1/24/2024,1635.154,506.134,4.977,49,25,76.96,61,127,11271.232,125
1/25/2024,1618.427,410.369,3.496,48,27.8,77.088,72,84,7888,99
1/26/2024,1628.682,511.345,4.707,63,26,76.081,56,140,9981,107
1/27/2024,1634.076,333.657,2.011,16,13,66.001,59,68,4399,87.5
1/28/2024,1556.174,333.69,2.95,22,16,68.017,64,89,6488,94
1/29/2024,1633.918,468.53,4.018,43,25,72.63,62,93,9066.783,108.5
1/30/2024,1614.963,411.844,3.205,44,22,74.891,69,82,7230.043,106.5
1/31/2024,1612.043,401.772,3.572,49,25,72.306,61,86,8118.139,98.5
2/1/2024,1630.72,495.991,4.418,50,24,80.555,70,120,10072,108
2/2/2024,1562.325,488.591,4.396,48,25,73.246,62,146,10201,90.5
2/3/2024,1618.346,291.095,2.073,15,12,68.372,63,58,4546,96
2/4/2024,1609.02,293.389,2.421,20,15,69.04,63,78,5363,97
2/5/2024,1633.358,425.045,3.309,38,20,74.301,63,88,7263,100.5
2/6/2024,1645.882,536.396,4.996,56,32,71.774,64,127,11322,105
2/7/2024,1622.297,422.97,3.853,47,22.169,75.98,64,96,8908.186,104
2/8/2024,1639.525,448.314,3.474,45,32,73.008,67,89,7958,98
2/9/2024,1622.371,381.987,3.223,38,22,71.108,60,70,7382,97
2/10/2024,1625.563,323.258,2.23,14,11,63.965,52,89,5211,83
2/11/2024,1620.687,325.086,2.513,23,10,67.063,60,72,5707,79.5
2/12/2024,1622.418,392.729,3.641,44,20.993,75.99,64,74,8061.702,106.5
2/13/2024,1630.583,453.221,3.635,50,26,73.934,66,85,8322,99
2/14/2024,1617.395,352.393,2.826,33,18,74.575,67,71,6483,89.5
2/15/2024,1629.191,410.574,3.438,42,22,73.453,63,94,7891,92
2/16/2024,1623.373,405.142,3.376,45,20,75.13,63,86,7402.949,100
2/17/2024,1620.358,287.697,1.833,10,10.236,65.93,57,70,4226.051,94
2/18/2024,1616.987,311.5,2.506,22,14,71.114,64,78,5630.864,99
2/19/2024,1625.957,380.217,3.025,36,23,71.778,61,77,6720.322,93
2/20/2024,1627.24,456.936,3.644,44,27,80.44,72,105,8632,113
2/21/2024,1636.391,444.297,3.85,39,24,77.184,65,95,8729,99
2/22/2024,1627.82,446.732,4.504,42,28,75.619,65,105,10017,125
2/23/2024,1619.593,352.671,2.882,33,17,70.39,56,69,6460.95,97
2/24/2024,1634.393,494.888,4.849,37,19,72.736,61,187,11198.313,114.5
2/25/2024,1614.734,358.223,3.069,27,16.673,70.337,62,101,7009,99
2/26/2024,1644.637,550.065,5.077,46,32,78.051,64,152,11678,104
2/27/2024,1633.949,510.927,4.38,55,36,73.333,60,117,9858,100
2/28/2024,1595.159,227.565,1.929,15,20.329,69.576,66,76,4575.306,90
2/29/2024,1632.898,491.978,5.235,41,19,81.31,70,167,11863.71,103
3/1/2024,1641.538,426.164,3.544,12,6,76.035,67,152,8147.888,100
3/2/2024,1649.375,485.335,4.389,29,13.735,82.388,64,160,10156.86,109.5
3/3/2024,1642.524,948.637,7.744,130,113,102.077,73,260,18580.922,127
3/4/2024,1594.921,225.973,1.985,13,14,85.194,68,68,4499.387,100.5
3/5/2024,1625.53,441.788,3.918,43,23,77.152,61,103,9042,110
3/6/2024,1636.236,449.777,3.659,37,23,77.178,64,99,8456,104
3/7/2024,1614.625,435.394,4.018,45,27,76.746,63,107,9075,93.5
3/8/2024,1615.027,292.728,2.027,24,9,67.499,55,57,4538,98.5
3/9/2024,1608.749,320.942,3.384,15,8,76.117,62,125,7713,86
3/10/2024,1300.862,252.872,2.277,13,9,64.253,58,67,5153,85
3/11/2024,709.933,236.551,1.993,17,14,80.759,66,58,4573,91
3/12/2024,1626.687,467.086,4.913,34,26,83.004,68.5,162,10506.614,103.75
3/13/2024,1607.593,334.017,3.391,12,8,69.738,66,109,7987.159,102
3/14/2024,1642.961,815.195,10.123,95,23,86.812,64,303,23842.355,101.5
3/15/2024,1620.401,544.525,6.489,65,26,80.37,67,190,14916.23,101.5
3/16/2024,1622.267,672.671,8.682,66,15,78.317,63,246,20014.461,101
3/17/2024,1641.314,868.111,13.536,92,19,101.751,63,385,32357.448,101.5
3/18/2024,1631.567,592.352,7.867,44,15.623,91.657,67,212,18126.053,108
3/19/2024,1629,401.876,3.629,32,14,79.894,63,126,8257.003,101.5
3/20/2024,1628.606,390.507,3.507,30,19,72.161,60,103,7909.048,95.5
3/21/2024,1635.947,509.96,4.329,58,32.129,75.115,63,120,9774.952,104
3/22/2024,1600.885,296.043,2.534,30,22,77.031,53,58,5844,93
3/23/2024,1615.008,248.002,1.42,13,9,62.486,60,38,3208,83
3/24/2024,1628.261,365.794,3.381,17,13,68.694,54,107,7627,98
3/25/2024,1623.296,351.928,2.519,29,25.032,67.938,60,70,5737,98
3/26/2024,1616.057,418.353,3.777,49,26,77.257,58,85,8550.412,104
3/27/2024,1633.829,439.08,4.106,49,19,80.773,64,112,9318.647,105.5
3/28/2024,1619.751,430.607,4.194,52,31,80.349,63,104,9435.655,101.5
3/29/2024,1634.034,450.646,3.832,41,33.224,74.065,64,110,8596,109
3/30/2024,1624.09,312.108,1.868,19,9,67.971,53,54,4076,88
3/31/2024,1606.626,276.981,2.813,8,6,83.143,72,108,6617,94
4/1/2024,1614.994,381.174,3.529,28,19,78.059,59,103,7958.086,94
4/2/2024,1643.248,478.305,4.017,42,27,77.186,64,104,9263,96
4/3/2024,1590.616,266.233,2.65,33,25.341,70.05,63,62,6106.045,107
4/4/2024,1628.883,396.535,2.867,37,24.822,70.66,63,66,6498,98
4/5/2024,1614.979,345.71,3.158,30,15.884,70.338,63,71,7201,97
4/6/2024,1557.085,44.032,2.696,30,1,67.59,63,7,6402,71.5
4/7/2024,1619.119,316.126,2.219,18,10,72.078,55,87,5039.236,95
4/8/2024,1622.47,356.667,3.434,22,17,73.165,63,90,7960.57,106
4/9/2024,1627.339,419.282,3.534,40,23,75.878,61,82,8082,112
